"sender","recipient","subject","body","receivedDateTime","importance"
"Bill Wang","Emily Johnson","Azure Functions Workshop Invitation","Dear Emily,\n\nI hope this email finds you well. I wanted to personally invite you to an upcoming workshop on Azure Functions. As you may know, Azure Functions is a powerful serverless computing platform that allows developers to build and deploy scalable applications with ease.\n\nDuring the workshop, we will cover various topics, including function triggers, bindings, and best practices for designing serverless architectures on Azure. The session will be led by industry experts and provide hands-on exercises to reinforce your learning.\n\nI highly recommend attending this workshop to enhance your skills in developing cloud-native applications. Please let me know if you're interested, and I will provide you with more details.\n\nBest regards,\nBill","2023-06-01","urgent"
"Emily Johnson","Gavin","Azure Functions Project Collaboration","Hello Gavin,\n\nI hope you're doing well. I've been working on an exciting project that involves leveraging Azure Functions to build a highly scalable backend system. Considering your expertise in cloud computing and serverless architectures, I believe collaborating on this project would be mutually beneficial.\n\nI would love to discuss the details further and explore how we can leverage Azure Functions to optimize performance and cost efficiency. If you're interested, let's schedule a meeting to discuss this in more detail.\n\nLooking forward to your response.\n\nBest regards,\nEmily","2023-06-02","important"
"Gavin","Kaibo","Azure Functions Case Study Request","Dear Kaibo,\n\nI hope this email finds you in good health. I've been following your work in the field of software engineering, particularly with Azure Functions. Your expertise in building serverless applications using Azure Functions is commendable.\n\nI'm currently working on a case study showcasing real-world implementations of Azure Functions. I would be honored if you could share some insights from your experience and provide details about the projects you've worked on.\n\nPlease let me know if you're available for a short interview or if you prefer sharing written documentation. Your contribution would be invaluable.\n\nKind regards,\nGavin","2023-06-03","normal"
"Kaibo","Evan","Azure Functions Performance Optimization","Hi Evan,\n\nI hope this email finds you well. I wanted to discuss an important aspect of our project that involves optimizing the performance of our Azure Functions. As the project progresses, we need to ensure our functions are efficient, scalable, and performant.\n\nI propose scheduling a meeting to brainstorm ideas, review our codebase, and identify areas for improvement. Let's discuss strategies such as leveraging caching, asynchronous processing, and monitoring techniques.\n\nPlease let me know your availability so we can set up a meeting and dive deeper into this topic.\n\nBest regards,\nKaibo","2023-06-04","urgent"
"John Smith","Jane Doe","Project Update","Hi Jane,\n\nI wanted to provide you with an update on the project we're working on. We've made significant progress and successfully completed the backend development phase. The next step is to start integrating the frontend components.\n\nI'll be meeting with the frontend team tomorrow to discuss the implementation details and timelines. I'll keep you informed of any important decisions or updates.\n\nLet me know if you have any questions or concerns.\n\nBest regards,\nJohn","2023-05-26","normal"
"Sarah Thompson","John Smith","Meeting Request","Dear John,\n\nI hope this email finds you well. I'd like to schedule a meeting to discuss the upcoming project milestones and deliverables. I propose having the meeting on Thursday at 10 AM.\n\nPlease let me know if this time works for you, or suggest an alternative if it doesn't. Looking forward to our discussion.\n\nBest regards,\nSarah","2023-05-27","high"
"Michael Brown","Sarah Thompson","Project Budget","Hi Sarah,\n\nI wanted to provide an update on the project budget. We've reviewed the initial estimates and made some adjustments based on the latest requirements and resource allocation.\n\nThe revised budget is attached to this email for your review. Let's schedule a meeting next week to discuss the changes in more detail and ensure we're aligned with the financial objectives.\n\nBest regards,\nMichael","2023-05-28","normal"
"Emily Johnson","Michael Brown","New Feature Request","Hi Michael,\n\nI hope you're doing well. I wanted to bring a new feature request to your attention. Several users have expressed a need for real-time notifications within our application.\n\nI believe implementing this feature will significantly enhance the user experience and provide a competitive advantage. Let's discuss the feasibility and potential impact on the project timeline and resources.\n\nLooking forward to your input.\n\nBest regards,\nEmily","2023-05-29","urgent"
"Bill Wang","Emily Johnson","Re: New Feature Request","Hi Emily,\n\nThank you for bringing this feature request to my attention. I agree that real-time notifications would be valuable for our users. Let's schedule a meeting to gather more details and evaluate the technical requirements.\n\nI appreciate your proactive approach in identifying opportunities for improvement.\n\nBest regards,\nBill","2023-05-30","normal"
